time,true_x,true_y,x,y
0.0,5.396515594434613,10.5685253339342,4.791559382615092,9.592268092641408
0.72,5.793031188869224,11.137050667868403,5.697274496159143,11.410686075996791
1.44,6.189546783303837,11.705576001802603,6.050902843273081,13.176124119097565
2.16,6.586062377738449,12.274101335736805,5.022446207828878,11.191771953643414
2.88,6.982577972173061,12.842626669671006,8.60584585576382,13.248923604227409
3.5999999999999996,7.364542986529097,13.33895489241333,8.241813260443386,13.435799929322563
4.319999999999999,7.746508000885132,13.835283115155654,5.414500809495653,14.149795612268136
5.039999999999999,8.128473015241168,14.331611337897979,8.036914046130581,14.234980214494511
5.76,8.510438029597204,14.827939560640305,8.767386971600894,14.526274681731069
6.4799999999999995,8.892403043953239,15.324267783382629,10.03990428427211,15.497866088094874
7.199999999999999,9.26054163801562,15.752639100969322,9.5864402771949,16.55319528683869
7.919999999999999,9.628680232078002,16.181010418556017,9.827710672686342,16.992044769572026
8.639999999999999,9.996818826140384,16.609381736142712,10.115327020032362,14.8957719215145
9.36,10.364957420202764,17.037753053729404,10.907408199538619,18.144474223914052
10.079999999999998,10.733096014265145,17.4661243713161,10.846706587403052,16.748904493563384
10.799999999999999,11.088099815932681,17.830685731709888,12.118244983465472,18.02652927584519
11.52,11.443103617600217,18.195247092103674,10.744779287722741,17.624796606265626
12.239999999999998,11.798107419267753,18.559808452497464,11.365636976119127,17.543496123693753
12.959999999999999,12.153111220935289,18.92436981289125,12.859176890523212,19.674301345967304
13.68,12.508115022602825,19.28893117328504,11.207327674669665,20.68108604996315
14.399999999999999,12.85064312788821,19.59373626637511,13.266831220613469,20.945600597114186
15.12,13.193171233173594,19.89854135946518,13.025040900726868,21.367980092190518
15.84,13.53569933845898,20.203346452555248,13.138477951414536,19.75702343269649
16.56,13.878227443744363,20.50815154564532,13.666141671865905,19.474948383176788
17.28,14.220755549029748,20.81295663873539,14.0056774784169,22.20914572467896
18.0,14.551434522059559,21.0619658963374,16.002829739951533,21.276113716461076
18.72,14.882113495089369,21.310975153939413,13.512180448588275,19.078223581902783
19.44,15.21279246811918,21.559984411541425,15.257708244926954,21.696573037199567
20.16,15.54347144114899,21.808993669143437,16.875675016568852,21.430554292747786
20.880000000000003,15.8741504141788,22.05800292674545,15.3422521088507,22.186296376821296
21.6,16.1935742871935,22.25508352260153,15.123570978089973,20.919865126966766
22.32,16.512998160208195,22.452164118457613,16.71349969971118,22.143737229607765
23.040000000000003,16.832422033222894,22.6492447143137,17.886083752470824,22.604212210714014
23.76,17.15184590623759,22.84632531016978,16.73003212312394,23.18194093220445
24.480000000000004,17.47126977925229,23.043405906025864,16.790020589201067,23.565466841790542
25.200000000000003,17.780000052606226,23.192331755804624,19.238443054730066,23.385280521814774
25.92,18.08873032596016,23.341257605583383,17.559859380466047,23.401832298562127
26.640000000000004,18.397460599314098,23.490183455362143,19.49360599955621,24.39795943914248
27.360000000000003,18.70619087266803,23.639109305140902,19.35355801293151,23.17290003334329
28.080000000000005,19.01492114602197,23.788035154919662,19.94127637158088,23.357883962106175
28.800000000000004,19.313486788183376,23.89248691621616,20.52815282553484,25.638357861673295
29.520000000000003,19.612052430344782,23.996938677512656,18.22640245804464,23.060249808249424
30.240000000000006,19.910618072506185,24.101390438809155,19.597926426950792,24.67021440080984
30.960000000000004,20.209183714667592,24.20584220010565,20.860455046521245,22.580970369617468
31.680000000000007,20.507749356829,24.31029396140215,20.759161321995315,24.524851513581094
32.400000000000006,20.79664680437999,24.37385903373793,20.667308053736093,23.855066453538093
33.120000000000005,21.08554425193098,24.43742410607371,19.656839772546167,24.942433120333632
33.84,21.374441699481974,24.50098917840949,21.320025273138103,25.073895968054597
34.56000000000001,21.663339147032964,24.56455425074527,21.202174664385137,25.827031200372794
35.28000000000001,21.952236594583955,24.62811932308105,21.36568368149733,24.96964774939725
36.00000000000001,22.231929752220534,24.65429184790412,22.55764448961828,24.74279393225024
36.720000000000006,22.511622909857113,24.68046437272719,21.030689744809454,23.805594966104366
37.440000000000005,22.791316067493693,24.706636897550258,22.452027425793602,25.066968612958032
38.16000000000001,23.071009225130272,24.73280942237333,23.49678692392281,24.867612891440416
38.88000000000001,23.35070238276685,24.758981947196396,23.690278840922478,24.061640077578172
39.60000000000001,23.621622623298908,24.751162807881236,22.894266276070528,24.723114582794572
40.32000000000001,23.89254286383096,24.743343668566073,24.74164276572154,23.729076661080892
41.040000000000006,24.163463104363018,24.735524529250913,25.594924822604202,25.432181681931397
41.76000000000001,24.43438334489507,24.72770538993575,24.362229186675865,25.19219760883991
42.48000000000001,24.705303585427128,24.71988625062059,24.33269658103749,24.626379265486992
43.20000000000001,24.967849749778434,24.681383072468147,26.50008558473881,25.8332122113872
43.92000000000001,25.23039591412974,24.642879894315705,26.724532085857984,22.86453296015014
44.64000000000001,25.492942078481043,24.604376716163266,27.30619296761171,26.216592561882173
45.360000000000014,25.75548824283235,24.565873538010823,26.251132067401265,24.219192586122336
46.08000000000001,26.018034407183656,24.52737035985838,25.942383358919827,24.0735217743207
46.80000000000001,26.272572804391864,24.461397510096074,25.440344714936966,24.92745288398311
47.52000000000001,26.52711120160007,24.39542466033377,26.673122384542538,24.778919346836215
48.24000000000001,26.781649598808276,24.329451810571463,26.089878011937824,24.867432713194983
48.960000000000015,27.036187996016483,24.26347896080916,28.161224202738435,23.358961573422715
49.680000000000014,27.29072639322469,24.197506111046852,28.193338678057902,23.5240943336385
50.40000000000001,27.537590800441347,24.107184698828572,28.817762749804476,24.17418543642746
51.12000000000001,27.784455207658002,24.016863286610292,27.57357570171699,23.528674300964163
51.84000000000001,28.03131961487466,23.926541874392008,28.544712240434173,24.287128428870307
52.56000000000002,28.278184022091317,23.836220462173728,28.40917812070196,24.39397636603643
53.280000000000015,28.525048429307972,23.745899049955447,29.642918942742455,24.744568127142298
54.000000000000014,28.764540091798498,23.634256926361555,29.933604475441463,23.17872114477548
54.72000000000001,29.004031754289024,23.52261480276766,28.978443901429472,23.751327874196935
55.44000000000001,29.24352341677955,23.410972679173767,29.98731748147149,24.51696399934029
56.16000000000002,29.483015079270075,23.29933055557987,29.533283108153263,23.8003140434581
56.88000000000002,29.7225067417606,23.18768843198598,27.968050500745104,24.121214606870833
57.600000000000016,29.95489437290431,23.0576601900233,29.591981273421187,23.143758632316707
58.320000000000014,30.18728200404802,22.927631948060615,30.86126446736404,23.785394016668178
59.04000000000001,30.41966963519173,22.797603706097934,30.372757991966687,24.660877755251256
59.76000000000002,30.65205726633544,22.66757546413525,31.888540251162993,22.095350975906253
60.48000000000002,30.88444489747915,22.53754722217257,30.736665257912833,21.433076927277455
61.20000000000002,31.10996467876924,22.3919741967744,31.882690317229873,21.6099920498201
61.920000000000016,31.335484460059334,22.246401171376228,32.943308542846104,23.98601738220369
62.640000000000015,31.561004241349423,22.10082814597806,31.200822127157014,21.84173522231878
63.360000000000014,31.786524022639515,21.95525512057989,32.90665498494034,21.423810492350164
64.08000000000001,32.01204380392961,21.809682095181717,33.373563375144094,22.275838761821333
64.80000000000001,32.230899384973156,21.65131236320783,31.819132148759962,22.408867045824195
65.52000000000001,32.449754966016705,21.492942631233937,33.13063015064871,22.2928693458298
66.24000000000001,32.66861054706026,21.33457289926005,32.98209179704156,22.33994249587186
66.96000000000001,32.88746612810381,21.176203167286157,32.68643071872208,21.204332806158703
67.68,33.10632170914736,21.01783343531227,33.80202768596319,19.163619407539628
68.4,33.31868421070165,20.849321813380104,34.70230626334958,21.936750127454
69.12,33.531046712255936,20.68081019144794,32.94304104208605,20.13761718886837
69.84,33.74340921381022,20.51229856951577,32.84233606885858,21.07006651950899
70.56,33.955771715364506,20.343786947583606,34.64693337916329,21.347994015402122
71.28,34.168134216918794,20.17527532565144,33.426287609505664,20.552594414992065
72.0,34.374146150766684,19.999180570225125,35.77829053533532,21.452495949464836
72.72,34.580158084614574,19.82308581479881,33.8565197255206,19.80737569686088
73.44,34.786170018462464,19.646991059372493,34.45372063446524,19.350877750032286
74.16,34.992181952310354,19.470896303946176,34.272706162392346,18.24778383483725
74.88,35.19819388615824,19.29480154851986,34.35951414147933,18.923695867028822
75.6,35.39799396479206,19.113568634707438,36.09250056260324,17.19137518139409
76.32,35.59779404342588,18.93233572089501,35.378854785084556,18.702009445296394
77.03999999999999,35.79759412205969,18.75110280708259,35.09762500295292,18.80726137758667
77.75999999999999,35.99739420069351,18.569869893270162,34.930314195184174,18.903942934805652
78.47999999999999,36.19719427932733,18.38863697945774,35.60537189271201,19.654433503790933
79.19999999999999,36.390933450698654,18.204585647618458,35.5917032933598,18.282262396886615
79.91999999999999,36.58467262206998,18.020534315779177,37.580222226273065,16.738751120246604
80.63999999999999,36.7784117934413,17.836482983939895,37.809607294493965,17.107551068044167
81.35999999999999,36.97215096481263,17.652431652100613,37.66772532420301,17.70334749356563
82.07999999999998,37.165890136183954,17.468380320261332,37.474302836292274,17.043609435166168
82.79999999999998,37.353732360998805,17.2837045207948,39.81514254099417,17.34437620829956
83.51999999999998,37.541574585813656,17.099028721328267,37.81371777167197,17.654444975847035
84.23999999999998,37.7294168106285,16.91435292186173,38.96197990018693,16.93508690636372
84.95999999999998,37.91725903544335,16.7296771223952,39.32967417798329,15.914663357266672
85.67999999999998,38.1051012602582,16.545001322928666,39.88133358848447,17.36109978107894
86.39999999999998,38.28722351197704,16.361769216274844,37.54524452617184,16.838617968897992
87.11999999999998,38.469345763695884,16.178537109621022,39.31976191367343,16.294491303207327
87.83999999999997,38.65146801541472,15.995305002967202,39.46499650517305,16.427341702264137
88.55999999999997,38.833590267133566,15.81207289631338,37.5853128771365,15.74158370592482
89.27999999999997,39.0157125188524,15.628840789659558,38.08553283793176,16.306124157135446
89.99999999999997,39.19230478369015,15.448994746298764,38.7560294159346,13.670636624045281
90.71999999999997,39.36889704852789,15.269148702937969,39.30540623075544,15.445609055202922
91.43999999999997,39.54548931336563,15.089302659577175,40.80876504637508,15.60587797217003
92.15999999999997,39.72208157820337,14.90945661621638,39.45231682034326,14.662737600645169
92.87999999999997,39.89867384304112,14.729610572855586,40.19788217604343,14.649550931617181
93.59999999999997,40.069939119967124,14.554967173308489,40.55920678615853,14.641520452082517
94.31999999999996,40.241204396893124,14.38032377376139,41.063195415093716,12.496939407227979
95.03999999999996,40.41246967381913,14.205680374214293,40.76271348668651,13.77047650254325
95.75999999999996,40.58373495074513,14.031036974667193,40.19033795456781,14.835647351996416
96.47999999999996,40.75500022767114,13.856393575120096,42.952029637829206,13.424096116799316
97.19999999999996,40.92115452840922,13.688643609947722,40.052864699072,12.78400502697225
97.91999999999996,41.0873088291473,13.520893644775347,40.92789006913275,14.02773658190316
98.63999999999996,41.25346312988537,13.353143679602974,41.504869596101834,12.601729479386474
99.35999999999996,41.41961743062345,13.1853937144306,40.925208193406036,13.830460357552452
100.07999999999996,41.585771731361525,13.017643749258225,42.51414209540445,15.551245568465175
100.79999999999995,41.74704408038991,12.858352219061953,43.12081474150883,13.290735512375365
101.51999999999995,41.908316429418306,12.69906068886568,42.41293540221943,11.832084313288748
102.23999999999995,42.06958877844669,12.53976915866941,41.74509417362755,13.005497742275677
102.95999999999995,42.23086112747509,12.380477628473137,43.23454492395305,12.428819784975039
103.67999999999995,42.392133476503474,12.221186098276865,42.1478589142888,12.507119174797726
104.39999999999995,42.54876591105488,12.07179221369843,42.96379767211557,10.841093363971792
105.11999999999995,42.705398345606284,11.922398329119995,42.20230064659392,12.574984016579258
105.83999999999995,42.862030780157696,11.77300444454156,43.12186728581873,11.281775589494972
106.55999999999995,43.0186632147091,11.623610559963124,43.09183925540658,11.570513553910711
107.27999999999994,43.175295649260505,11.474216675384689,42.61323205610357,10.706019977827639
107.99999999999994,43.32754321932207,11.336033857106182,44.473007632044066,10.703973932907633
108.71999999999994,43.47979078938363,11.197851038827675,45.198626043951506,11.255354535271257
109.43999999999994,43.6320383594452,11.05966822054917,42.55157554485227,10.5271947095952
110.15999999999994,43.78428592950676,10.921485402270664,43.20790060748602,10.384931572853343
110.87999999999994,43.93653349956832,10.783302583992157,43.588090236392155,10.910092194106339
111.59999999999994,44.084664267881635,10.657518462736022,43.900307726547446,9.539881368666101
112.31999999999994,44.23279503619494,10.531734341479886,45.166736273436285,10.536266359042347
113.03999999999994,44.38092580450826,10.405950220223751,44.27812542919512,10.450871600558157
113.75999999999993,44.52905657282157,10.280166098967616,44.12707093890187,10.01577177214331
114.47999999999993,44.67718734113488,10.15438197771148,44.74807721926554,11.83477297506621
115.19999999999993,44.82148238319597,10.042058394240515,45.50910637488421,9.002657838604996
115.91999999999993,44.96577742525706,9.929734810769551,44.31113900047475,8.945495187795746
116.63999999999993,45.11007246731815,9.817411227298585,43.77232893021431,9.452999040023224
117.35999999999993,45.254367509379236,9.705087643827621,44.9526975602833,8.421119373035847
118.07999999999993,45.398662551440324,9.592764060356656,46.094696465415865,10.836742765825626
118.79999999999993,45.53941595549968,9.494837065474014,46.146837418562534,9.292919601792125
119.51999999999992,45.68016935955903,9.396910070591373,46.26931633368153,9.784686514247765
120.23999999999992,45.82092276361839,9.29898307570873,45.89643835032498,9.769080458304165
120.95999999999992,45.961676167677744,9.201056080826088,46.020316746719324,9.421473545375314
121.67999999999992,46.1024295717371,9.103129085943447,44.87280333332478,8.896875275374956
122.39999999999992,46.239948438799644,9.020408940492638,47.82043570762511,7.534375697512104
123.11999999999992,46.37746730586218,8.93768879504183,46.50663263517864,8.400942344078967
123.83999999999992,46.51498617292473,8.854968649591022,46.30148333950206,8.453864420902809
124.55999999999992,46.65250503998727,8.772248504140213,47.674147757500535,8.60261090949187
125.27999999999992,46.790023907049815,8.689528358689405,49.028983522642726,9.75912229890395
125.99999999999991,46.92462835087492,8.62269953355429,46.655255573006755,8.593658027095039
126.71999999999991,47.05923279470003,8.555870708419176,47.173734856354514,8.99993479177291
127.43999999999991,47.193837238525134,8.489041883284061,49.04942062603284,7.423915365464735
128.1599999999999,47.328441682350245,8.422213058148948,47.42424791689156,8.645502951707623
128.8799999999999,47.46304612617535,8.355384233013833,46.44792357062235,7.5935423592367846
129.5999999999999,47.59506927327684,8.305005409118634,46.73863235373427,7.639445418667747
130.3199999999999,47.727092420378334,8.254626585223434,48.22354612775135,9.398144833775094
131.0399999999999,47.85911556747983,8.204247761328233,49.042352978605145,8.807649705234784
131.7599999999999,47.991138714581325,8.153868937433034,49.734420416655766,7.3377304315439105
132.4799999999999,48.12316186168282,8.103490113537834,48.77152392816355,7.7838999994083276
133.1999999999999,48.25294985132895,8.069994181847118,47.911169725088236,6.462925289959059
133.9199999999999,48.38273784097508,8.036498250156404,50.0263718137508,8.472392646519014
134.6399999999999,48.51252583062121,8.00300231846569,49.161764198666695,8.468073000964052
135.3599999999999,48.64231382026734,7.969506386774974,48.222068250067345,8.259469624709645
136.0799999999999,48.77210180991347,7.936010455084259,47.69428431791621,7.676877832136566
136.7999999999999,48.90001379412697,7.919704516602956,48.65513164496866,6.892189569058844
137.5199999999999,49.02792577834047,7.903398578121654,46.61848096784867,7.920771514005689
138.2399999999999,49.15583776255396,7.8870926396403505,50.28312269953973,8.928583764171002
138.9599999999999,49.283749746767455,7.870786701159048,48.55874420161861,8.478276166061825
139.6799999999999,49.41166173098095,7.8544807626777455,50.14695659014459,8.786669369552754
140.3999999999999,49.53806979357071,7.855546200165873,48.9118039976988,7.928450998580496
141.1199999999999,49.664477856160474,7.856611637654001,48.061279952118696,6.020725950139011
141.8399999999999,49.79088591875023,7.857677075142128,50.82977993620284,9.486157347707227
142.5599999999999,49.91729398133999,7.858742512630256,48.96031023140706,9.51334398332065
143.2799999999999,50.04370204392975,7.859807950118383,51.29008553394016,6.213291833172421
143.9999999999999,50.16897945503413,7.878310831209884,50.25547771000596,9.027999634928102
144.71999999999989,50.29425686613852,7.896813712301385,51.323632751927306,8.114685423824843
145.43999999999988,50.4195342772429,7.915316593392887,50.16857085982963,8.757020839928922
146.15999999999988,50.54481168834729,7.9338194744843875,49.64514423339987,7.918502454789546
146.87999999999988,50.67008909945167,7.952322355575888,51.96388152196679,7.195861877415262
147.59999999999988,50.79456532249412,7.988253283760776,50.84763719400228,8.058288567757662
148.31999999999988,50.919041545536565,8.024184211945665,51.19703704670438,7.687281499074856
149.03999999999988,51.043517768579015,8.060115140130552,50.96860030279906,8.710986934456416
149.75999999999988,51.16799399162146,8.09604606831544,51.14300424405864,7.535055537992164
150.47999999999988,51.29247021466391,8.131976996500327,50.672708203875885,9.233146483066067
151.19999999999987,51.41641222798981,8.18526765481776,52.6079092017158,9.96349747343664
151.91999999999987,51.540354241315704,8.238558313135195,52.26583234904001,7.497811647577996
152.63999999999987,51.664296254641606,8.291848971452628,52.080985245936894,9.26250498126474
153.35999999999987,51.7882382679675,8.345139629770063,49.90218087302152,11.04375895488603
154.07999999999987,51.9121802812934,8.398430288087496,52.12496315732042,8.876854180537256
154.79999999999987,52.03579216826831,8.468953802181625,52.349988077403324,8.877481904061728
155.51999999999987,52.15940405524321,8.539477316275754,51.70537986528338,8.517056722922067
156.23999999999987,52.283015942218114,8.610000830369884,52.81113048294653,9.94555348531794
156.95999999999987,52.40662782919301,8.680524344464013,52.938387913678426,7.37080124927026
157.67999999999986,52.53023971616792,8.751047858558142,53.5691628082745,9.773628951669721
158.39999999999986,52.65366266517758,8.838618796678112,53.83084857733336,8.64921674775662
159.11999999999986,52.77708561418724,8.926189734798083,51.69419078343023,7.305210014985542
159.83999999999986,52.9005085631969,9.013760672918055,52.45767466296266,8.50910636395147
160.55999999999986,53.023931512206566,9.101331611038026,52.394861240047454,7.631529046971093
161.27999999999986,53.147354461216224,9.188902549157996,52.76842398998444,10.105825434051837
161.99999999999986,53.27066676566655,9.293276922157942,52.833210135998726,7.461619517605044
162.71999999999986,53.39397907011688,9.397651295157887,52.44445444377867,10.103349775100906
163.43999999999986,53.5172913745672,9.502025668157833,54.479720456980274,7.520674341591031
164.15999999999985,53.64060367901753,9.606400041157778,51.697076156896834,11.092805024605543
164.87999999999985,53.763915983467854,9.710774414157724,54.328202220025815,9.09264291773506
165.59999999999985,53.88713304178494,9.831649675496774,53.56873841290641,10.29196300397103
166.31999999999985,54.01035010010202,9.952524936835825,55.03445414970743,10.244473532231401
167.03999999999985,54.13356715841911,10.073400198174875,53.50212617966061,8.348941409935707
167.75999999999985,54.25678421673619,10.194275459513927,54.79168933116051,10.252112058885853
168.47999999999985,54.38000127505328,10.315150720852976,52.766512902573396,9.73900732634299
169.19999999999985,54.50307559068341,10.452165766595256,53.327764521256704,11.022719341324338
169.91999999999985,54.62614990631353,10.589180812337535,54.21395677517877,10.046556980715021
170.63999999999984,54.749224221943656,10.726195858079816,55.62460452489818,11.116767433951397
171.35999999999984,54.872298537573776,10.863210903822095,54.99162388776574,10.716421688545628
172.07999999999984,54.995372853203904,11.000225949564374,56.13794725492114,11.8154301525629
172.79999999999984,55.118194034613516,11.152961118378993,55.732053200441705,12.648259054865301
173.51999999999984,55.24101521602312,11.305696287193614,54.59827425239062,11.54825878751557
174.23999999999984,55.363836397432735,11.458431456008233,53.96147505704956,11.580047890412475
174.95999999999984,55.48665757884234,11.611166624822854,56.473266275065704,12.608758867992657
175.67999999999984,55.60947876025195,11.763901793637473,55.59284043889039,10.442734310630607
176.39999999999984,55.73187352092767,11.931878866798542,56.856602503455896,11.037943708988944
177.11999999999983,55.85426828160339,12.099855939959609,56.407942345229344,10.811652356735049
177.83999999999983,55.97666304227911,12.267833013120677,56.01170729698307,13.031095950179832
178.55999999999983,56.099057802954825,12.435810086281744,55.2845103709788,11.5462224537355
179.27999999999983,56.22145256363054,12.603787159442813,57.25680096465538,13.09873360851835
179.99999999999983,56.34318472207917,12.786469360829429,56.56019751434575,13.560780491910858
180.71999999999983,56.46491688052781,12.969151562216044,56.68847530036195,13.768398566381293
181.43999999999983,56.58664903897644,13.15183376360266,55.9873353241669,12.802747328684347
182.15999999999983,56.708381197425076,13.334515964989276,57.59020785941463,13.998141218151915
182.87999999999982,56.830113355873706,13.517198166375891,57.214906257998685,12.258532476951684
183.59999999999982,56.950883835622236,13.713990162472149,58.459533818730996,13.419759202730695
184.31999999999982,57.071654315370765,13.910782158568407,56.78321378661254,13.850506107158152
185.03999999999982,57.19242479511929,14.107574154664665,56.99705293962918,15.336233793480632
185.75999999999982,57.313195274867816,14.304366150760924,57.85942464098996,14.323213178512638
186.47999999999982,57.433965754616345,14.50115814685718,57.55178131573999,13.589450857972562
187.19999999999982,57.55341258421193,14.711406046752163,57.8858367423772,16.077051050177268
187.91999999999982,57.67285941380751,14.921653946647146,56.74138263952048,14.818577283648416
188.63999999999982,57.7923062434031,15.131901846542128,58.75129518192183,14.152325648800183
189.35999999999981,57.91175307299868,15.34214974643711,57.235673035717916,15.252014942394995
190.0799999999998,58.03119990259426,15.552397646332093,57.26291238757918,15.607334128209933
190.7999999999998,58.148898215604234,15.775389001719878,59.08452266984972,16.621273539207266
191.5199999999998,58.26659652861421,15.998380357107663,58.360201002533756,14.78979047211074
192.2399999999998,58.38429484162418,16.221371712495447,59.850111324562064,15.158180221455684
192.9599999999998,58.50199315463416,16.444363067883234,58.35066551825238,17.43141266142169
193.6799999999998,58.61969146764413,16.667354423271018,57.41642687964105,15.31789902972673
194.3999999999998,58.735153502656004,16.90231822845068,58.581302678230486,16.900495311065498
195.1199999999998,58.85061553766788,17.137282033630346,58.975028457205084,16.17880959638289
195.8399999999998,58.96607757267976,17.37224583881001,57.35772649993114,16.551416460335687
196.5599999999998,59.08153960769163,17.607209643989673,59.76501585982309,16.55035187627198
197.2799999999998,59.197001642703505,17.842173449169337,58.950906036113146,16.85031483279332
197.9999999999998,59.30967674332498,18.088280141044933,58.95119114245891,17.10923414777072
198.7199999999998,59.42235184394645,18.334386832920533,60.59215135278819,16.6273213802461
199.4399999999998,59.53502694456792,18.58049352479613,60.025334413382375,17.270158983847715
200.1599999999998,59.64770204518939,18.82660021667173,58.356725334414364,17.99102095594674
200.8799999999998,59.760377145810864,19.072706908547325,59.69462485279095,19.342581852127626
201.5999999999998,59.8696517606698,19.32906836662792,59.660074637870615,19.13535424026388
202.3199999999998,59.97892637552873,19.585429824708513,60.608300875987275,20.82141308393525
203.0399999999998,60.088200990387655,19.841791282789107,59.59634820732921,18.54607362138406
203.7599999999998,60.19747560524659,20.0981527408697,60.55151771552454,20.600584273929613
204.4799999999998,60.30675022010552,20.354514198950294,61.91134506530071,20.44263365977843
205.1999999999998,60.41194790284996,20.62018374534993,60.00669456771981,20.09500845254012
205.9199999999998,60.5171455855944,20.885853291749562,61.561423274244554,19.449741813222822
206.6399999999998,60.622343268338845,21.151522838149198,59.05297644080899,20.940090017475956
207.3599999999998,60.727540951083284,21.41719238454883,60.244076288914925,21.003313953506854
208.07999999999979,60.832738633827724,21.682861930948466,60.34902429605183,20.60146308629005
208.79999999999978,60.933120043125896,21.956834330386187,59.80305808652082,23.788529568257832
209.51999999999978,61.03350145242406,22.230806729823907,60.31452024008791,22.199378621065275
210.23999999999978,61.133882861722235,22.504779129261628,62.32978719332865,21.00649730817583
210.95999999999978,61.2342642710204,22.77875152869935,61.17743053549741,21.508852552455505
211.67999999999978,61.33464568031857,23.05272392813707,61.436104906574414,23.03743629388095
212.39999999999978,61.42940896633768,23.333935786127196,62.18910889748059,23.70509314385843
213.11999999999978,61.5241722523568,23.61514764411732,61.815116134226066,24.29225366037612
213.83999999999978,61.61893553837591,23.896359502107444,61.816863741351185,24.19835031194977
214.55999999999977,61.713698824395024,24.17757136009757,61.06385829369156,24.256536640346983
215.27999999999977,61.80846211041413,24.458783218087696,62.359726091912364,25.263744493028618
215.99999999999977,61.89676052584848,24.74613112563545,61.15991588569269,25.944202430811284
216.71999999999977,61.98505894128282,25.033479033183202,61.49073387215382,27.2481195386279
217.43999999999977,62.07335735671717,25.320826940730957,62.72960394197202,26.123310594918422
218.15999999999977,62.16165577215151,25.608174848278708,61.326376658852936,28.094403133297593
218.87999999999977,62.24995418758586,25.895522755826462,63.6427407492712,25.305657748196623
219.59999999999977,62.33093850967009,26.187906996956787,62.23805998736984,24.77720241629615
220.31999999999977,62.411922831754325,26.480291238087112,62.511625887806204,26.107934706085228
221.03999999999976,62.492907153838566,26.77267547921744,61.17746050980057,26.865494435041313
221.75999999999976,62.5738914759228,27.065059720347765,62.7647475678727,27.71243798646965
222.47999999999976,62.65487579800703,27.35744396147809,63.870400523128495,27.599807792274408
223.19999999999976,62.72770540280393,27.6537799231079,62.79566156951346,27.541433597553603
223.91999999999976,62.80053500760082,27.950115884737713,64.53444498969218,27.753036417922036
224.63999999999976,62.873364612397715,28.24645184636752,62.97308232142712,27.586360973968734
225.35999999999976,62.94619421719461,28.542787807997332,63.64494346551488,27.90729451659215
226.07999999999976,63.0190238219915,28.839123769627143,61.50207952659516,30.970792095085812
226.79999999999976,63.08286676073349,29.13834202022022,62.66748939395045,29.499940957482995
227.51999999999975,63.14670969947547,29.4375602708133,64.12415568261527,29.56642907216445
228.23999999999975,63.21055263821746,29.736778521406382,64.4088548340177,28.988732070628934
228.95999999999975,63.27439557695944,30.03599677199946,62.686952925894,29.265801037082728
229.67999999999975,63.33823851570143,30.33521502259254,64.42306722486201,30.443302238736877
230.39999999999975,63.39227151479054,30.636261312159505,63.31155608577354,30.805694572811166
231.11999999999975,63.446304513879646,30.93730760172647,63.71706568514181,31.99337180156654
231.83999999999975,63.500337512968756,31.23835389129344,64.03667269800103,31.071937119728073
232.55999999999975,63.554370512057865,31.539400180860405,64.83192189316605,30.830205570798647
233.27999999999975,63.608403511146975,31.84044647042737,63.63716031024406,33.487614916548324
233.99999999999974,63.65181197215489,32.14228173052571,63.52757832057803,31.536033744854766
234.71999999999974,63.6952204331628,32.444116990624046,62.858304658374,32.35642896735672
235.43999999999974,63.738628894170716,32.74595225072238,63.747536867402445,32.83421307325289
236.15999999999974,63.78203735517863,33.047787510820726,65.56626114492187,33.6178524190213
236.87999999999974,63.825445816186544,33.34962277091906,63.49064724257792,33.789804380641584
237.59999999999974,63.857423815854574,33.651223114653114,64.00915645724135,33.02620016860023
238.31999999999974,63.889401815522604,33.95282345838716,63.116754836282645,34.871418175155426
239.03999999999974,63.92137981519063,34.25442380212121,63.776074344961195,34.28999463867401
239.75999999999974,63.95335781485866,34.556024145855254,64.60312859379175,35.5283076600698
240.47999999999973,63.98533581452669,34.857624489589305,63.35458080408482,36.10581799324764
241.19999999999973,64.00508610476577,35.15798121161025,64.00702868193058,35.09421446016584
241.91999999999973,64.02483639500484,35.4583379336312,65.1019513605163,35.73520818720292
242.63999999999973,64.04458668524393,35.75869465565214,66.10251878083352,36.66692275476046
243.35999999999973,64.064336975483,36.05905137767309,63.344296527395244,35.48558742123318
244.07999999999973,64.08408726572208,36.359408099694036,63.00356750801913,37.03628254174564
244.79999999999973,64.09082127361278,36.657527676199926,65.2618613597145,37.6993844876988
245.51999999999973,64.09755528150347,36.955647252705816,63.96853320527535,36.18069433928285
246.23999999999972,64.10428928939416,37.2537668292117,62.703749503541154,38.22462382090461
246.95999999999972,64.11102329728486,37.55188640571759,64.02145163219677,38.96917657705964
247.67999999999972,64.11775730517556,37.85000598222348,64.35573299615461,38.78934578173723
248.39999999999972,64.11069513296808,38.1449100709592,63.399930868563054,38.713752257100936
249.11999999999972,64.10363296076059,38.439814159694926,63.609039134046675,36.828371788759085
249.83999999999972,64.09657078855311,38.734718248430646,64.64628379544314,39.28967814528406
250.55999999999972,64.08950861634563,39.02962233716637,64.10995772172251,39.19463326079093
251.27999999999972,64.08244644413814,39.32452642590209,63.96201331054223,38.653298007541096
251.99999999999972,64.06081686925229,39.615251866159404,66.20122023491426,39.50986447227158
252.71999999999971,64.03918729436646,39.90597730641671,64.67764134458508,38.518938765265496
253.4399999999997,64.0175577194806,40.19670274667402,62.599004050662664,40.04692183926378
254.1599999999997,63.995928144594764,40.487428186931325,64.74067513209714,41.44223819467215
254.8799999999997,63.97429856970892,40.77815362718864,64.84064722825188,41.40004679663389
255.5999999999997,63.93733904473419,41.06375243980614,64.07612432603828,42.65131305843051
256.3199999999997,63.900379519759454,41.349351252423645,63.617966929251416,42.97313840611884
257.03999999999974,63.86341999478473,41.634950065041146,64.0096184766915,42.20352224763228
257.7599999999997,63.826460469809994,41.92054887765865,64.47438744835183,41.791017396277994
258.4799999999997,63.78950094483526,42.206147690276154,64.4602485331459,41.40142369719201
259.1999999999997,63.73645759753073,42.485687077639305,62.51075149875714,43.03125614894963
259.91999999999973,63.6834142502262,42.76522646500246,63.15336149112073,41.22376244936738
260.6399999999997,63.630370902921676,43.044765852365614,64.16306659237374,44.18911726411717
261.35999999999973,63.577327555617146,43.32430523972877,63.62651982089128,43.87139224691424
262.0799999999997,63.524284208312615,43.603844627091924,63.35052566819527,43.13306911338342
262.7999999999997,63.454411841607005,43.876406973133044,62.22834564126806,43.881702376011106
263.51999999999975,63.384539474901395,44.148969319174164,62.34245869572734,43.083918047190146
264.2399999999997,63.31466710819579,44.421531665215284,63.69760051701757,44.52599990969785
264.95999999999975,63.24479474149018,44.694094011256404,65.01275556696767,44.788573195826764
265.6799999999997,63.17492237478457,44.96665635729752,64.454973566403,45.38184501315629
266.39999999999975,63.08748446677623,45.23133922749576,62.01171217925743,44.43003819559356
267.1199999999998,63.00004655876789,45.496022097693995,61.3642483613875,44.91624002676758
267.83999999999975,62.91260865075956,45.76070496789224,60.63410482285133,46.065697809571546
268.5599999999998,62.82517074275122,46.025387838090474,64.11344391676329,45.993490997482596
269.27999999999975,62.73773283474288,46.29007070828871,62.9768759205267,45.91211469473933
269.9999999999998,62.6320015386998,46.54598684967009,62.80982022465183,46.56302495084308
270.7199999999998,62.526270242656715,46.80190299105147,63.33839192458916,46.97909003666397
271.43999999999977,62.42053894661364,47.057819132432854,64.55602516451566,46.403776056518616
272.1599999999998,62.31480765057056,47.31373527381423,62.8366449701858,46.73338615139274
272.87999999999977,62.209076354527475,47.569651415195615,63.27170107620603,48.027329276079875
273.5999999999998,62.08433249888727,47.81592875633302,62.710915864101466,47.026952970597684
274.3199999999998,61.959588643247066,48.06220609747043,62.03494869342362,47.638262291700656
275.0399999999998,61.83484478760686,48.30848343860784,62.56067717074935,49.25151986546686
275.7599999999998,61.71010093196666,48.554760779745244,62.014068567417986,48.82290943273731
276.4799999999998,61.58535707632645,48.80103812088265,61.96412798057083,48.92390766285664
277.1999999999998,61.440890164696356,49.0368197718958,61.56047330037783,48.49045202607368
277.91999999999985,61.29642325306626,49.27260142290895,60.54559155728403,48.94950763556229
278.6399999999998,61.15195634143617,49.508383073922104,60.697609577618124,50.62161676132136
279.35999999999984,61.00748942980607,49.74416472493525,60.83161796419941,48.979677873905324
280.0799999999998,60.863022518175974,49.9799463759484,61.87282419273336,49.807436062287486
280.79999999999984,60.698130729332874,50.20439062850387,61.0624910797268,50.659872665689306
281.51999999999987,60.533238940489774,50.42883488105935,61.089789473050814,49.83011231882821
282.23999999999984,60.368347151646674,50.653279133614824,60.895823337598664,50.832619717729166
282.95999999999987,60.203455362803574,50.8777233861703,58.959475587364636,51.602128074159026
283.67999999999984,60.038563573960474,51.102167638725774,60.69916183107611,50.41934078670326
284.39999999999986,59.85255531644127,51.31443952683199,58.94575888699395,51.30073334804697
285.1199999999999,59.66654705892207,51.52671141493821,60.5485116007149,50.498042926964985
285.83999999999986,59.480538801402865,51.73898330304443,59.71202705780317,52.4339807856904
286.5599999999999,59.29453054388367,51.95125519115065,59.038318044383445,50.45415667624882
287.27999999999986,59.10852228636446,52.163527079256866,58.951974054601635,52.51790187068639
287.9999999999999,58.90074826796566,52.36262428769496,59.16631290361462,52.63081224738997
288.7199999999999,58.69297424956685,52.56172149613307,58.22341583096496,52.58562353682188
289.4399999999999,58.48520023116805,52.760818704571165,57.300505777093754,54.13754878502069
290.1599999999999,58.27742621276924,52.95991591300927,57.821500602663,53.09366299892265
290.8799999999999,58.06965219437044,53.159013121447366,59.17009527958189,53.28669339569529
291.5999999999999,57.83955504151589,53.343496623489216,57.41872556547838,54.003686855514644
292.31999999999994,57.60945788866133,53.52798012553106,57.35947325418407,53.583685343457724
293.0399999999999,57.379360735806785,53.71246362757291,56.10239315073107,52.24159802409052
293.75999999999993,57.14926358295223,53.89694712961475,55.9994660129873,52.48224257262977
294.4799999999999,56.919166430097675,54.0814306316566,57.92380614726583,54.864136820622655
295.19999999999993,56.66628852758935,54.249382130417594,54.87336911602808,53.20271330739181
295.91999999999996,56.41341062508103,54.41733362917859,55.0042285243818,52.1778469127464
296.63999999999993,56.1605327225727,54.585285127939585,55.74965371129622,55.13969111696945
297.35999999999996,55.90765482006437,54.753236626700584,56.875925660846235,54.32582982698604
298.0799999999999,55.65477691755605,54.921188125461576,56.436885132297796,54.00634409985852
298.79999999999995,55.378760414646685,55.070210020935036,55.237402378260754,55.266204103739774
299.52,55.10274391173731,55.219231916408496,54.02689106738971,54.56396430175398
300.23999999999995,54.82672740882795,55.368253811881964,55.69517187543646,55.44143914965012
300.96,54.55071090591858,55.517275707355424,54.56998335474496,57.046318003208256
301.67999999999995,54.274694403009214,55.666297602828884,55.28074893510565,55.29581477558007
302.4,53.975281213402305,55.793512991886026,53.444043700579556,56.778137889287514
303.12,53.67586802379539,55.92072838094317,53.87992484342711,55.605321746948604
303.84,53.37645483418848,56.04794377000031,51.200664526746166,56.25146378316758
304.56,53.07704164458156,56.17515915905745,53.60685260644948,55.923561300977376
305.28,52.77762845497465,56.30237454811459,53.07067771154115,56.57119959830162
306.0,52.45466025682442,56.40442722450454,52.98130898913388,54.502348617091386
306.72,52.13169205867419,56.50647990089448,52.13471874436865,56.023653847095034
307.44,51.808723860523955,56.60853257728442,52.4644724389987,56.91765032026953
308.16,51.48575566237373,56.71058525367437,50.9539068622774,57.239718510215965
308.88,51.16278746422349,56.81263793006431,50.811968448855325,57.03447887746347
309.6,50.816205700134944,56.88569238441408,50.736340550389144,58.18202282299372
310.32000000000005,50.469623936046396,56.958746838763844,49.44971262117602,56.97410517905747
311.04,50.12304217195784,57.03180129311362,51.010707505619806,58.082491159061234
311.76000000000005,49.776460407869294,57.10485574746338,48.80578718568449,57.174813465077186
312.48,49.42987864378075,57.17791020181315,49.9236849420652,56.71711868526116
313.20000000000005,49.05972452080963,57.21765162162766,50.4140487430843,57.81309011092942
313.9200000000001,48.68957039783851,57.25739304144217,48.3002382159919,57.296259614526946
314.64000000000004,48.31941627486739,57.29713446125668,48.838049239045375,57.15333060680913
315.36000000000007,47.94926215189627,57.336875881071194,49.20888028637035,57.53175586001534
316.08000000000004,47.579108028925155,57.376617300885705,46.575415436557826,57.72233330188592
316.80000000000007,47.18552251857795,57.37825157054779,47.5845286044542,56.50703541344269
317.5200000000001,46.79193700823074,57.37988584020988,46.75207356488393,57.10992774506977
318.24000000000007,46.39835149788354,57.381520109871964,46.87122556256719,57.749421119656304
318.9600000000001,46.00476598753633,57.383154379534055,45.344381043963395,58.14570759190017
319.68000000000006,45.61118047718912,57.38478864919614,45.241673403301085,57.928272553253336
320.4000000000001,45.19440431542311,57.34304234996654,44.651068475126415,55.83992993896558
321.1200000000001,44.77762815365709,57.30129605073694,44.56154951774792,56.91581721997163
321.8400000000001,44.360851991891074,57.25954975150734,44.96846254276546,56.28759171787368
322.5600000000001,43.94407583012506,57.21780345227774,43.67337653029774,58.791522499590656
323.2800000000001,43.52729966835904,57.17605715304814,44.190784359676975,58.028888887292894
324.0000000000001,43.0876733555822,57.08517756306548,43.80071572601249,55.93427032625063
324.72000000000014,42.64804704280535,56.994297973082816,44.682404599408784,56.75176013470077
325.4400000000001,42.2084207300285,56.90341838310016,42.22580118017111,56.71151911769891
326.16000000000014,41.768794417251655,56.8125387931175,42.656547771066656,56.60278059276826
326.8800000000001,41.32916810447481,56.721659203134834,41.08066820191458,55.49612256602529
327.60000000000014,40.86713190554592,56.57541429741566,41.02739943301055,55.067629259556576
328.32000000000016,40.40509570661702,56.42916939169649,40.710750490310694,56.2431030972576
329.04000000000013,39.943059507688126,56.28292448597731,39.468844674175784,56.90279373358289
329.76000000000016,39.48102330875923,56.13667958025814,39.19404787973993,56.43984253949703
330.48000000000013,39.018987109830334,55.99043467453897,39.19095833249264,56.23169893957856
331.20000000000016,38.535081054058885,55.78211312497772,38.12847162563892,55.44454877560755
331.9200000000002,38.05117499828743,55.573791575416465,38.160838238763425,55.96665483440012
332.64000000000016,37.56726894251598,55.36547002585522,37.09262004245481,54.40482152989093
333.3600000000002,37.083362886744524,55.15714847629396,36.40323389874742,55.7358674675521
334.08000000000015,36.599456830973075,54.948826926732714,38.48056636338035,53.67623968672222
334.8000000000002,36.09432071211935,54.67123810210173,36.16538935461354,54.2549817043857
335.5200000000002,35.58918459326562,54.39364927747075,32.83064654939443,54.207051051762534
336.2400000000002,35.0840484744119,54.11606045283976,33.979651395725064,54.38443499054131
336.9600000000002,34.578912355558174,53.83847162820878,35.166808334857066,52.074872167295624
337.6800000000002,34.07377623670445,53.5608828035778,33.0240053360752,55.338250424803945
338.4000000000002,33.54814961297946,53.20635676952734,33.035077742637675,52.661948390076276
339.12000000000023,33.02252298925446,52.851830735476874,32.820299556129704,53.67002943394425
339.8400000000002,32.49689636552947,52.497304701426415,34.899322791208995,50.610285052993135
340.56000000000023,31.971269741804484,52.14277866737595,31.22766986718982,52.10117227937562
341.2800000000002,31.44564311807949,51.78825263332549,31.75203507287617,50.92317790944538
342.0000000000002,30.900365312145002,51.348640152383695,31.40062217658848,49.85446068390287
342.72000000000025,30.355087506210513,50.90902767144189,31.392115244789505,50.51253961915606
343.4400000000002,29.80980970027602,50.469415190500094,30.60196527782125,50.17599280281379
344.16000000000025,29.26453189434153,50.02980270955829,26.781813706447597,50.108940664947184
344.8800000000002,28.71925408840704,49.59019022861649,28.71362369428972,48.16609612958882
345.60000000000025,28.155264187375586,49.056862760189425,27.82881499849733,49.00962181069424
346.3200000000003,27.591274286344134,48.52353529176236,28.402905924106516,49.716407781144056
347.04000000000025,27.02728438531268,47.99020782333529,28.43042685082675,46.97334328013983
347.7600000000003,26.463294484281228,47.45688035490822,26.806086637364427,48.584361042330045
348.48000000000025,25.899304583249773,46.923552886481154,26.40016920080238,46.86621600228332
349.2000000000003,25.31764143868462,46.287402586852764,24.619808253596837,47.600692503374205
349.9200000000003,24.735978294119473,45.651252287224374,24.341284512997703,45.49967937595296
350.64000000000027,24.15431514955432,45.01510198759598,24.1700131422133,44.02481778342392
351.3600000000003,23.572652004989173,44.37895168796759,24.704040008166096,44.56636732028218
352.08000000000027,22.99098886042402,43.7428013883392,23.52434081011224,42.819518980192434
352.8000000000003,22.392791088339216,42.99424111067136,22.55682905676,41.82528260330546
353.5200000000003,21.794593316254414,42.24568083300352,21.55327493493596,41.097407934883705
354.2400000000003,21.196395544169608,41.497120555335684,21.624671668413956,41.26162036952274
354.9600000000003,20.598197772084806,40.74856027766784,20.593739492915578,40.859435621031345
355.6800000000003,20.0,40.0,19.36949065166548,41.19268289800954
